{"cameraMode":{"drawMode":0,"name":"Shaded","section":"Shading Mode"},"sceneLighting":false,"audioPlay":false,"sceneViewState":{"showFog":true,"showMaterialUpdate":false,"showSkybox":true,"showFlares":true,"showImageEffects":true,"showParticleSystems":true},"in2DMode":false,"pivot":{"x":-32.32920837402344,"y":-0.06566286087036133,"z":-10.831986427307129},"rotation":{"x":0.28995051980018618,"y":0.06656529754400253,"z":-0.020253969356417657,"w":0.9545606970787048},"size":25.982820510864259,"orthographic":false}