{"cameraMode":{"drawMode":0,"name":"Shaded","section":"Shading Mode"},"sceneLighting":false,"audioPlay":false,"sceneViewState":{"showFog":true,"showMaterialUpdate":false,"showSkybox":false,"showFlares":true,"showImageEffects":true,"showParticleSystems":true},"in2DMode":false,"pivot":{"x":-0.0067681074142456059,"y":0.04520821571350098,"z":-0.03508949279785156},"rotation":{"x":0.03473016619682312,"y":-0.9645786285400391,"z":0.20257973670959474,"w":0.16570140421390534},"size":5.320680618286133,"orthographic":false}