{"cameraMode":{"drawMode":0,"name":"Shaded","section":"Shading Mode"},"sceneLighting":false,"audioPlay":false,"sceneViewState":{"showFog":true,"showMaterialUpdate":false,"showSkybox":false,"showFlares":true,"showImageEffects":true,"showParticleSystems":true},"in2DMode":false,"pivot":{"x":-14.97692584991455,"y":3.423168182373047,"z":16.41029167175293},"rotation":{"x":0.20248574018478394,"y":-0.650111198425293,"z":0.1858128160238266,"w":0.708420991897583},"size":1.1427865028381348,"orthographic":false}