{"cameraMode":{"drawMode":0,"name":"Shaded","section":"Shading Mode"},"sceneLighting":false,"audioPlay":false,"sceneViewState":{"showFog":true,"showMaterialUpdate":false,"showSkybox":false,"showFlares":true,"showImageEffects":true,"showParticleSystems":true},"in2DMode":false,"pivot":{"x":-5.960464477539063e-8,"y":0.11850479245185852,"z":5.960464477539063e-8},"rotation":{"x":0.18277525901794434,"y":-0.6570181846618652,"z":0.16874311864376069,"w":0.7116541862487793},"size":0.5398239493370056,"orthographic":false}