{"cameraMode":{"drawMode":0,"name":"Shaded","section":"Shading Mode"},"sceneLighting":false,"audioPlay":false,"sceneViewState":{"showFog":true,"showMaterialUpdate":false,"showSkybox":false,"showFlares":true,"showImageEffects":true,"showParticleSystems":true},"in2DMode":false,"pivot":{"x":0.0,"y":0.8671608567237854,"z":-0.04096749424934387},"rotation":{"x":0.06230536848306656,"y":0.8933899402618408,"z":-0.13126999139785767,"w":0.4253191649913788},"size":2.7228188514709474,"orthographic":false}