{"cameraMode":{"drawMode":0,"name":"Shaded","section":"Shading Mode"},"sceneLighting":false,"audioPlay":false,"sceneViewState":{"showFog":true,"showMaterialUpdate":false,"showSkybox":false,"showFlares":true,"showImageEffects":true,"showParticleSystems":true},"in2DMode":false,"pivot":{"x":0.0,"y":0.8552080988883972,"z":-0.008454948663711548},"rotation":{"x":0.1876804530620575,"y":0.7961760759353638,"z":-0.30738094449043276,"w":0.4863608479499817},"size":1.3970484733581544,"orthographic":false}