{"cameraMode":{"drawMode":0,"name":"Shaded","section":"Shading Mode"},"sceneLighting":false,"audioPlay":false,"sceneViewState":{"showFog":true,"showMaterialUpdate":false,"showSkybox":false,"showFlares":true,"showImageEffects":true,"showParticleSystems":true},"in2DMode":false,"pivot":{"x":0.005747117102146149,"y":-0.028599321842193605,"z":0.44317126274108889},"rotation":{"x":-0.035189151763916019,"y":-0.6411828398704529,"z":0.029445385560393335,"w":-0.7660319209098816},"size":1.4386916160583497,"orthographic":false}