{"cameraMode":{"drawMode":0,"name":"Shaded","section":"Shading Mode"},"sceneLighting":false,"audioPlay":false,"sceneViewState":{"showFog":true,"showMaterialUpdate":false,"showSkybox":false,"showFlares":true,"showImageEffects":true,"showParticleSystems":true},"in2DMode":false,"pivot":{"x":-19.549999237060548,"y":0.36299991607666018,"z":-17.040000915527345},"rotation":{"x":0.29209965467453005,"y":-0.058770403265953067,"z":0.01798681728541851,"w":0.9544113874435425},"size":9.212382316589356,"orthographic":false}