{"cameraMode":{"drawMode":0,"name":"Shaded","section":"Shading Mode"},"sceneLighting":false,"audioPlay":false,"sceneViewState":{"showFog":true,"showMaterialUpdate":false,"showSkybox":false,"showFlares":true,"showImageEffects":true,"showParticleSystems":true},"in2DMode":false,"pivot":{"x":-3.00600004196167,"y":0.26907312870025637,"z":0.007050991058349609},"rotation":{"x":0.2790532112121582,"y":-0.024484898895025255,"z":0.007121354807168245,"w":0.9599561095237732},"size":1.3899409770965577,"orthographic":false}