{"cameraMode":{"drawMode":0,"name":"Shaded","section":"Shading Mode"},"sceneLighting":false,"audioPlay":false,"sceneViewState":{"showFog":true,"showMaterialUpdate":false,"showSkybox":false,"showFlares":true,"showImageEffects":true,"showParticleSystems":true},"in2DMode":false,"pivot":{"x":0.09113574028015137,"y":0.8764927387237549,"z":0.30058741569519045},"rotation":{"x":-0.08625763654708862,"y":0.6273490190505981,"z":-0.07000264525413513,"w":-0.7708681225776672},"size":1.7389873266220093,"orthographic":false}