{"cameraMode":{"drawMode":0,"name":"Shaded","section":"Shading Mode"},"sceneLighting":false,"audioPlay":false,"sceneViewState":{"showFog":true,"showMaterialUpdate":false,"showSkybox":false,"showFlares":true,"showImageEffects":true,"showParticleSystems":true},"in2DMode":false,"pivot":{"x":0.9917354583740234,"y":2.0183205604553224,"z":-0.9847944974899292},"rotation":{"x":0.0020459431689232589,"y":0.9873190522193909,"z":-0.01365906372666359,"w":0.15862588584423066},"size":3.1008987426757814,"orthographic":false}